Player,Age,Nation,Pos,Team,Performance-Gls,Performance-Ast,Performance-G+A,Performance-G-PK,Performance-PK,Performance-CrdY,Performance-CrdR,Playing Time-Min,Playing Time-MP,Playing Time-90s,Progression-PrgC,Progression-PrgP,Progression-PrgR,Expected-xG,Expected-npxG,Standard-Sh,Standard-SoT,PPA,CrsPA,KP,Total-Cmp%,Team Success-PPM,Team Success-+/-90,Tackles-Tkl,Performance-Int,Blocks-Sh,Clr,Balanced_Performance
Aaron Cresswell,33.0,eng ENG,"DF,FW",West-Ham-United,0.0,0.0,0.0,0.0,0.0,1.0,0.0,436.0,11.0,4.8,4.0,26.0,6.0,0.0,0.0,0.0,0.0,4.0,0.0,5.0,82.5,1.0,-1.03,3.0,3.0,3.0,7.0,24.5
Aaron Ramsdale,25.0,eng ENG,GK,Arsenal,0.0,0.0,0.0,0.0,0.0,0.0,0.0,540.0,6.0,6.0,0.0,2.0,0.0,0.0,0.0,0.0,0.0,0.0,0.0,0.0,69.7,2.67,1.0,0.0,0.0,0.0,3.0,1.5
Aaron Wan-Bissaka,25.0,eng ENG,DF,Manchester-United,0.0,2.0,2.0,0.0,0.0,4.0,0.0,1780.0,22.0,19.8,30.0,77.0,54.0,0.1,0.1,3.0,1.0,16.0,3.0,12.0,83.5,1.32,-0.2,42.0,41.0,15.0,68.0,216.5
Albert Sambi Lokonga,23.0,be BEL,MF,Luton-Town,1.0,3.0,4.0,1.0,0.0,4.0,0.0,1303.0,17.0,14.5,29.0,72.0,13.0,0.6,0.6,8.0,2.0,6.0,1.0,9.0,87.3,0.76,-0.62,29.0,11.0,13.0,14.0,117.0
Alejandro Garnacho,19.0,ar ARG,FW,Manchester-United,7.0,4.0,11.0,7.0,0.0,4.0,0.0,2565.0,36.0,28.5,178.0,62.0,281.0,8.4,8.3,100.0,27.0,22.0,4.0,46.0,74.9,1.5,0.18,22.0,18.0,2.0,18.0,180.0
Alex Matos,18.0,eng ENG,MF,Chelsea,0.0,0.0,0.0,0.0,0.0,0.0,0.0,1.0,1.0,0.0,0.0,0.0,0.0,0.0,0.0,0.0,0.0,0.0,0.0,0.0,77.1,1.0,-0.14,43.0,27.0,5.0,19.0,141.0
Alex Murphy,19.0,ie IRL,"DF,FW",Newcastle-United,0.0,0.0,0.0,0.0,0.0,0.0,0.0,13.0,2.0,0.1,0.0,1.0,0.0,0.0,0.0,0.0,0.0,0.0,0.0,0.0,100.0,3.0,0.0,1.0,1.0,0.0,0.0,3.5
Alexander Isak,23.0,se SWE,FW,Newcastle-United,21.0,2.0,23.0,16.0,5.0,1.0,0.0,2255.0,30.0,25.1,68.0,71.0,129.0,20.3,15.6,72.0,36.0,21.0,0.0,27.0,78.1,1.5,0.4,5.0,6.0,1.0,13.0,134.0
Alfie Doughty,23.0,eng ENG,DF,Luton-Town,2.0,8.0,10.0,2.0,0.0,5.0,0.0,2925.0,37.0,32.5,94.0,106.0,164.0,1.3,1.3,26.0,8.0,43.0,24.0,70.0,66.5,0.7,-0.86,63.0,31.0,9.0,43.0,330.0
Alfie Gilchrist,19.0,eng ENG,DF,Chelsea,1.0,0.0,1.0,1.0,0.0,1.0,0.0,207.0,11.0,2.3,1.0,7.0,4.0,0.3,0.3,5.0,1.0,1.0,0.0,0.0,85.8,2.27,0.87,4.0,3.0,3.0,11.0,24.0
Alisson,30.0,br BRA,GK,Liverpool,0.0,0.0,0.0,0.0,0.0,1.0,0.0,2520.0,28.0,28.0,0.0,5.0,0.0,0.0,0.0,0.0,0.0,0.0,0.0,1.0,86.3,2.0,1.07,0.0,0.0,0.0,11.0,7.0
Alphonse Areola,30.0,fr FRA,GK,West-Ham-United,0.0,0.0,0.0,0.0,0.0,1.0,0.0,2699.0,31.0,30.0,0.0,1.0,0.0,0.0,0.0,0.0,0.0,0.0,0.0,0.0,64.8,1.35,-0.13,1.0,1.0,0.0,16.0,11.5
Amad Diallo,21.0,ci CIV,"FW,MF",Manchester-United,1.0,1.0,2.0,1.0,0.0,1.0,0.0,390.0,9.0,4.3,11.0,10.0,31.0,0.5,0.5,10.0,4.0,3.0,0.0,10.0,87.6,1.22,0.92,10.0,1.0,1.0,6.0,45.5
Amadou Diallo,20.0,eng ENG,MF,Newcastle-United,0.0,0.0,0.0,0.0,0.0,0.0,0.0,1.0,1.0,0.0,0.0,0.0,0.0,0.0,0.0,0.0,0.0,0.0,0.0,0.0,100.0,3.0,0.0,0.0,0.0,0.0,0.0,0.0
Amari'i Bell,29.0,jm JAM,DF,Luton-Town,0.0,0.0,0.0,0.0,0.0,0.0,0.0,1720.0,21.0,19.1,32.0,76.0,10.0,0.3,0.3,2.0,2.0,8.0,0.0,8.0,77.2,0.86,-0.58,50.0,25.0,15.0,60.0,194.5
Andre Brooks,19.0,eng ENG,"MF,DF",Sheffield-United,0.0,0.0,0.0,0.0,0.0,1.0,0.0,938.0,20.0,10.4,12.0,18.0,22.0,0.4,0.4,9.0,2.0,5.0,0.0,3.0,75.1,0.25,-2.3,22.0,14.0,1.0,20.0,80.5
Andros Townsend,32.0,eng ENG,"MF,FW",Luton-Town,1.0,3.0,4.0,1.0,0.0,1.0,0.0,1210.0,27.0,13.4,47.0,35.0,71.0,1.2,1.2,20.0,7.0,16.0,12.0,18.0,70.4,0.78,-0.82,21.0,5.0,0.0,10.0,90.5
André Onana,27.0,cm CMR,GK,Manchester-United,0.0,0.0,0.0,0.0,0.0,5.0,0.0,3420.0,38.0,38.0,1.0,5.0,0.0,0.0,0.0,0.0,0.0,3.0,0.0,3.0,72.6,1.58,-0.03,2.0,0.0,0.0,11.0,14.0
Anel Ahmedhodžić,24.0,ba BIH,DF,Sheffield-United,2.0,0.0,2.0,2.0,0.0,11.0,1.0,2649.0,31.0,29.4,15.0,43.0,21.0,3.1,3.1,19.0,5.0,3.0,1.0,7.0,75.4,0.35,-2.07,64.0,35.0,26.0,137.0,291.5
Angelo Ogbonna,35.0,it ITA,DF,West-Ham-United,0.0,0.0,0.0,0.0,0.0,1.0,0.0,635.0,11.0,7.1,2.0,4.0,0.0,0.0,0.0,1.0,0.0,0.0,0.0,0.0,79.9,1.82,-0.28,11.0,3.0,10.0,29.0,51.0
Anis Ben Slimane,22.0,tn TUN,MF,Sheffield-United,0.0,0.0,0.0,0.0,0.0,2.0,0.0,419.0,15.0,4.7,3.0,12.0,21.0,0.8,0.8,8.0,3.0,2.0,0.0,3.0,66.2,0.33,-2.58,11.0,5.0,1.0,7.0,38.5
Anthony Gordon,22.0,eng ENG,FW,Newcastle-United,11.0,10.0,21.0,10.0,1.0,12.0,1.0,2890.0,35.0,32.1,138.0,101.0,232.0,10.2,9.4,80.0,29.0,39.0,12.0,57.0,76.1,1.57,0.72,55.0,7.0,0.0,7.0,262.5
Anthony Martial,27.0,fr FRA,FW,Manchester-United,1.0,0.0,1.0,1.0,0.0,0.0,0.0,448.0,13.0,5.0,6.0,12.0,36.0,1.2,1.2,6.0,4.0,2.0,0.0,6.0,78.4,1.38,1.0,4.0,0.0,0.0,3.0,21.5
Antony,23.0,br BRA,FW,Manchester-United,1.0,1.0,2.0,1.0,0.0,5.0,0.0,1324.0,29.0,14.7,53.0,64.0,149.0,3.4,3.4,43.0,15.0,29.0,3.0,22.0,78.7,1.41,-0.41,40.0,12.0,1.0,9.0,141.5
Antwoine Hackford,19.0,eng ENG,FW,Sheffield-United,0.0,0.0,0.0,0.0,0.0,0.0,0.0,13.0,2.0,0.1,0.0,0.0,0.0,0.0,0.0,0.0,0.0,0.0,0.0,0.0,100.0,0.0,-6.92,0.0,0.0,0.0,0.0,0.0
Archie Gray,17.0,eng ENG,"DF,MF",Nott'ham-Forest,0.0,2.0,2.0,0.0,0.0,2.0,0.0,3599.0,44.0,40.0,72.0,166.0,97.0,0.5,0.5,14.0,2.0,14.0,2.0,17.0,82.8,1.94,0.85,92.0,30.0,5.0,40.0,283.5
Armando Broja,21.0,al ALB,FW,Chelsea,1.0,0.0,1.0,1.0,0.0,0.0,0.0,454.0,13.0,5.0,11.0,6.0,37.0,2.4,2.4,13.0,2.0,2.0,0.0,3.0,88.3,1.69,0.59,3.0,0.0,1.0,3.0,16.0
Auston Trusty,24.0,us USA,DF,Sheffield-United,0.0,0.0,0.0,0.0,0.0,4.0,0.0,2572.0,32.0,28.6,10.0,40.0,15.0,0.4,0.4,8.0,2.0,4.0,2.0,8.0,76.2,0.38,-2.06,47.0,35.0,22.0,153.0,257.0
Axel Disasi,25.0,fr FRA,DF,Chelsea,2.0,0.0,2.0,2.0,0.0,6.0,0.0,2579.0,31.0,28.7,30.0,112.0,21.0,2.4,2.4,16.0,4.0,8.0,1.0,3.0,90.0,1.52,0.0,33.0,18.0,19.0,102.0,173.5
Bart Verbruggen,20.0,nl NED,GK,Brighton-Hove-Albion,0.0,0.0,0.0,0.0,0.0,3.0,0.0,1890.0,21.0,21.0,0.0,3.0,0.0,0.0,0.0,0.0,0.0,0.0,0.0,0.0,87.4,1.38,0.14,1.0,0.0,0.0,11.0,7.5
Ben Brereton,24.0,cl CHI,"FW,MF",Sheffield-United,6.0,1.0,7.0,5.0,1.0,3.0,0.0,1105.0,14.0,12.3,23.0,37.0,78.0,6.1,5.3,34.0,16.0,12.0,2.0,8.0,75.5,0.29,-1.71,9.0,3.0,3.0,12.0,63.5
Ben Chilwell,26.0,eng ENG,DF,Chelsea,0.0,1.0,1.0,0.0,0.0,5.0,0.0,756.0,13.0,8.4,22.0,25.0,59.0,1.2,1.2,12.0,4.0,2.0,2.0,14.0,75.4,1.23,-0.12,15.0,4.0,3.0,19.0,71.5
Ben Johnson,23.0,eng ENG,"DF,FW",West-Ham-United,0.0,0.0,0.0,0.0,0.0,1.0,0.0,544.0,14.0,6.0,17.0,22.0,33.0,0.2,0.2,6.0,2.0,1.0,0.0,0.0,73.7,1.14,-1.82,11.0,5.0,1.0,14.0,37.5
Ben Osborn,28.0,eng ENG,"DF,MF",Sheffield-United,0.0,2.0,2.0,0.0,0.0,3.0,0.0,1367.0,24.0,15.2,16.0,55.0,44.0,0.2,0.2,4.0,0.0,11.0,8.0,13.0,73.7,0.42,-1.38,22.0,8.0,2.0,30.0,96.5
Ben Parkinson,18.0,eng ENG,FW,Newcastle-United,0.0,0.0,0.0,0.0,0.0,0.0,0.0,25.0,1.0,0.3,0.0,0.0,0.0,0.0,0.0,0.0,0.0,0.0,0.0,0.0,33.3,0.0,-3.6,0.0,0.0,0.0,1.0,0.5
Benoît Badiashile,22.0,fr FRA,DF,Chelsea,0.0,1.0,1.0,0.0,0.0,3.0,0.0,1338.0,18.0,14.9,3.0,46.0,3.0,0.3,0.3,6.0,1.0,4.0,0.0,6.0,90.8,1.67,0.0,21.0,18.0,14.0,66.0,127.0
Bernd Leno,31.0,de GER,GK,Fulham,0.0,0.0,0.0,0.0,0.0,3.0,0.0,3420.0,38.0,38.0,0.0,0.0,0.0,0.0,0.0,0.0,0.0,0.0,0.0,0.0,79.3,1.24,-0.16,0.0,0.0,0.0,14.0,7.0
Bertrand Traoré,27.0,bf BFA,"DF,FW",Aston-Villa,0.0,0.0,0.0,0.0,0.0,0.0,0.0,11.0,2.0,0.1,0.0,0.0,0.0,0.0,0.0,0.0,0.0,0.0,0.0,0.0,66.7,3.0,0.0,1.0,0.0,0.0,1.0,2.5
Boubacar Kamara,23.0,fr FRA,MF,Aston-Villa,0.0,1.0,1.0,0.0,0.0,7.0,1.0,1652.0,20.0,18.4,19.0,83.0,10.0,0.1,0.1,5.0,1.0,12.0,0.0,20.0,89.1,2.05,0.76,43.0,21.0,7.0,16.0,164.5
Bruno Fernandes,28.0,pt POR,"MF,FW",Manchester-United,10.0,8.0,18.0,6.0,4.0,9.0,0.0,3118.0,35.0,34.6,86.0,297.0,182.0,10.0,6.1,90.0,35.0,89.0,10.0,114.0,73.0,1.69,0.09,68.0,27.0,6.0,50.0,424.5
Bruno Guimarães,25.0,br BRA,MF,Newcastle-United,7.0,8.0,15.0,7.0,0.0,9.0,0.0,3263.0,37.0,36.3,65.0,283.0,73.0,4.8,4.8,48.0,16.0,70.0,5.0,62.0,83.9,1.62,0.58,88.0,35.0,14.0,20.0,382.5
Bénie Traoré,20.0,ci CIV,"FW,MF",Sheffield-United,0.0,0.0,0.0,0.0,0.0,0.0,0.0,387.0,8.0,4.3,7.0,9.0,14.0,0.3,0.3,1.0,1.0,7.0,1.0,4.0,77.5,0.13,-2.56,4.0,1.0,1.0,1.0,17.0
Callum Wilson,31.0,eng ENG,FW,Newcastle-United,9.0,1.0,10.0,7.0,2.0,3.0,0.0,991.0,20.0,11.0,11.0,9.0,77.0,8.8,7.2,33.0,18.0,2.0,0.0,8.0,64.4,1.65,1.36,5.0,2.0,0.0,4.0,56.0
Calum Chambers,28.0,eng ENG,"MF,DF",Aston-Villa,0.0,1.0,1.0,0.0,0.0,1.0,0.0,152.0,5.0,1.7,0.0,5.0,1.0,0.0,0.0,0.0,0.0,0.0,0.0,1.0,88.5,0.8,-1.78,3.0,2.0,1.0,4.0,15.5
Cameron Archer,22.0,eng ENG,MF,Aston-Villa,0.0,0.0,0.0,0.0,0.0,1.0,0.0,6.0,1.0,0.1,1.0,0.0,0.0,5.5,5.5,42.0,9.0,7.0,2.0,23.0,80.1,3.0,0.0,0.0,0.0,0.0,0.0,34.5
Caoimhín Kelleher,24.0,ie IRL,GK,Liverpool,0.0,0.0,0.0,0.0,0.0,0.0,0.0,900.0,10.0,10.0,0.0,1.0,0.0,0.0,0.0,0.0,0.0,0.0,0.0,1.0,81.2,2.6,1.5,0.0,0.0,0.0,4.0,3.5
Carlton Morris,27.0,eng ENG,"FW,MF",Luton-Town,11.0,4.0,15.0,6.0,5.0,4.0,0.0,2862.0,38.0,31.8,37.0,56.0,120.0,11.4,7.5,66.0,26.0,11.0,0.0,22.0,64.4,0.68,-1.01,15.0,1.0,5.0,53.0,137.0
Carney Chukwuemeka,19.0,eng ENG,"MF,FW",Chelsea,1.0,1.0,2.0,1.0,0.0,2.0,0.0,227.0,9.0,2.5,4.0,12.0,19.0,0.2,0.2,3.0,2.0,6.0,0.0,4.0,85.8,1.56,0.79,6.0,0.0,1.0,1.0,24.5
Casemiro,31.0,br BRA,"MF,DF",Manchester-United,1.0,2.0,3.0,1.0,0.0,7.0,0.0,1982.0,25.0,22.0,12.0,112.0,36.0,3.5,3.5,39.0,9.0,18.0,3.0,16.0,81.8,1.6,0.09,83.0,18.0,33.0,71.0,292.5
Cauley Woodrow,28.0,eng ENG,"FW,MF",Luton-Town,1.0,1.0,2.0,1.0,0.0,2.0,0.0,427.0,24.0,4.7,7.0,6.0,22.0,1.4,1.4,16.0,4.0,4.0,4.0,9.0,72.4,0.63,-0.21,16.0,1.0,1.0,14.0,60.0
Cesare Casadei,20.0,it ITA,"FW,MF",Chelsea,0.0,0.0,0.0,0.0,0.0,0.0,0.0,79.0,11.0,0.9,1.0,3.0,3.0,0.0,0.0,0.0,0.0,0.0,0.0,2.0,81.5,1.91,-1.14,5.0,0.0,0.0,4.0,15.0
Charlie Cresswell,20.0,eng ENG,DF,Nott'ham-Forest,0.0,0.0,0.0,0.0,0.0,0.0,0.0,137.0,5.0,1.5,3.0,7.0,0.0,0.1,0.1,2.0,0.0,0.0,0.0,0.0,87.5,2.0,-0.66,3.0,3.0,3.0,6.0,16.5
Chiedozie Ogbene,26.0,ie IRL,"MF,DF",Luton-Town,4.0,1.0,5.0,4.0,0.0,1.0,0.0,1995.0,30.0,22.2,127.0,53.0,150.0,4.2,4.2,35.0,14.0,18.0,5.0,25.0,74.6,0.73,-0.54,17.0,7.0,3.0,34.0,116.0
Chris Basham,35.0,eng ENG,"DF,MF",Sheffield-United,0.0,0.0,0.0,0.0,0.0,1.0,0.0,321.0,8.0,3.6,1.0,7.0,6.0,0.1,0.1,2.0,0.0,2.0,0.0,2.0,74.6,0.13,-1.12,7.0,5.0,4.0,17.0,37.0
Chris Maxwell,33.0,wls WAL,GK,Brentford,0.0,0.0,0.0,0.0,0.0,0.0,0.0,696.0,9.0,7.7,0.0,0.0,0.0,0.0,0.0,0.0,0.0,0.0,0.0,0.0,62.4,1.11,-0.39,0.0,0.0,0.0,4.0,2.0
Christian Eriksen,31.0,dk DEN,MF,Manchester-United,1.0,2.0,3.0,1.0,0.0,1.0,0.0,1141.0,22.0,12.7,20.0,68.0,23.0,1.0,1.0,13.0,4.0,17.0,3.0,27.0,80.5,1.45,-0.55,18.0,4.0,6.0,13.0,102.0
Christopher Nkunku,25.0,fr FRA,"FW,MF",Chelsea,3.0,0.0,3.0,3.0,0.0,0.0,0.0,443.0,11.0,4.9,10.0,19.0,35.0,2.3,2.3,16.0,7.0,7.0,0.0,3.0,86.9,2.0,0.0,5.0,2.0,1.0,4.0,29.5
Clément Lenglet,28.0,fr FRA,DF,Aston-Villa,0.0,1.0,1.0,0.0,0.0,3.0,0.0,1153.0,14.0,12.8,26.0,51.0,1.0,0.9,0.9,8.0,2.0,3.0,0.0,2.0,89.5,1.29,-0.39,13.0,7.0,11.0,47.0,76.0
Cody Drameh,21.0,eng ENG,DF,Nott'ham-Forest,0.0,0.0,0.0,0.0,0.0,0.0,0.0,22.0,1.0,0.2,0.0,0.0,0.0,0.0,0.0,0.0,0.0,0.0,0.0,1.0,66.7,3.0,-4.09,1.0,1.0,1.0,0.0,6.0
Cole Palmer,21.0,eng ENG,MF,Chelsea,22.0,11.0,33.0,13.0,9.0,0.0,0.0,11.0,33.0,0.1,117.0,197.0,195.0,18.2,11.1,100.0,37.0,69.0,5.0,72.0,79.2,3.0,0.0,23.0,0.0,2.0,13.0,250.5
Connor Roberts,27.0,wls WAL,"DF,FW",Nott'ham-Forest,1.0,1.0,2.0,1.0,0.0,1.0,0.0,317.0,12.0,3.5,11.0,25.0,25.0,0.4,0.4,6.0,4.0,3.0,2.0,7.0,83.4,1.86,1.42,5.0,1.0,0.0,8.0,31.0
Conor Gallagher,23.0,eng ENG,MF,Chelsea,5.0,7.0,12.0,5.0,0.0,9.0,1.0,3128.0,37.0,34.8,62.0,172.0,122.0,4.2,4.2,48.0,17.0,32.0,4.0,52.0,89.2,1.7,0.4,85.0,43.0,11.0,34.0,369.5
Crysencio Summerville,21.0,nl NED,FW,Nott'ham-Forest,19.0,9.0,28.0,15.0,4.0,7.0,0.0,3498.0,43.0,38.9,196.0,171.0,367.0,16.4,12.5,123.0,46.0,68.0,3.0,112.0,78.0,1.96,0.93,61.0,22.0,1.0,23.0,410.5
Daiki Hashioka,24.0,jp JPN,DF,Luton-Town,0.0,0.0,0.0,0.0,0.0,0.0,0.0,595.0,10.0,6.6,3.0,21.0,16.0,0.1,0.1,2.0,0.0,4.0,3.0,3.0,80.5,0.4,-1.66,11.0,8.0,7.0,20.0,55.5
Dan Burn,31.0,eng ENG,DF,Newcastle-United,2.0,2.0,4.0,2.0,0.0,4.0,0.0,2726.0,33.0,30.3,14.0,75.0,25.0,3.1,3.1,23.0,5.0,7.0,3.0,10.0,81.0,1.64,0.96,61.0,37.0,25.0,124.0,289.5
Daniel Bentley,30.0,eng ENG,GK,Wolverhampton-Wanderers,0.0,0.0,0.0,0.0,0.0,0.0,0.0,383.0,5.0,4.3,0.0,0.0,0.0,0.0,0.0,0.0,0.0,0.0,0.0,0.0,66.7,0.6,-0.94,0.0,0.0,0.0,1.0,0.5
Daniel James,25.0,wls WAL,FW,Nott'ham-Forest,13.0,7.0,20.0,13.0,0.0,4.0,0.0,2488.0,40.0,27.6,120.0,104.0,321.0,10.0,10.0,83.0,31.0,57.0,18.0,57.0,63.4,1.95,0.94,31.0,8.0,2.0,11.0,220.0
Daniel Jebbison,19.0,eng ENG,FW,Sheffield-United,0.0,0.0,0.0,0.0,0.0,0.0,0.0,21.0,1.0,0.2,0.0,0.0,1.0,0.0,0.0,0.0,0.0,0.0,0.0,0.0,33.3,0.0,0.0,0.0,0.0,0.0,0.0,0.0
Danny Ings,31.0,eng ENG,FW,West-Ham-United,1.0,0.0,1.0,1.0,0.0,1.0,0.0,404.0,20.0,4.5,7.0,8.0,29.0,1.3,1.3,12.0,4.0,3.0,0.0,5.0,71.0,0.95,-1.11,6.0,3.0,1.0,7.0,31.5
David Raya,27.0,es ESP,GK,Arsenal,0.0,0.0,0.0,0.0,0.0,2.0,0.0,2880.0,32.0,32.0,0.0,2.0,0.0,0.0,0.0,0.0,0.0,0.0,0.0,0.0,74.9,2.28,1.75,1.0,0.0,0.0,8.0,6.0
Dean Henderson,26.0,eng ENG,GK,Crystal-Palace,0.0,0.0,0.0,0.0,0.0,2.0,0.0,1620.0,18.0,18.0,0.0,0.0,0.0,0.0,0.0,0.0,0.0,1.0,0.0,0.0,57.7,1.56,0.33,1.0,0.0,0.0,8.0,6.0
Deivid Washington,18.0,br BRA,"DF,FW",Chelsea,0.0,0.0,0.0,0.0,0.0,0.0,0.0,13.0,2.0,0.1,0.0,0.0,1.0,0.5,0.5,1.0,0.0,0.0,0.0,0.0,100.0,1.5,0.0,1.0,0.0,0.0,0.0,2.0
Diego Carlos,30.0,br BRA,DF,Aston-Villa,0.0,0.0,0.0,0.0,0.0,4.0,0.0,1816.0,27.0,20.2,4.0,59.0,1.0,1.9,1.9,10.0,1.0,4.0,0.0,3.0,88.4,1.56,-0.05,27.0,13.0,19.0,78.0,136.0
Diogo Dalot,24.0,pt POR,DF,Manchester-United,2.0,3.0,5.0,2.0,0.0,6.0,1.0,3174.0,36.0,35.3,52.0,124.0,111.0,1.7,1.7,30.0,7.0,31.0,16.0,37.0,81.2,1.58,0.03,81.0,37.0,16.0,111.0,356.5
Divin Mubama,18.0,eng ENG,FW,West-Ham-United,0.0,0.0,0.0,0.0,0.0,0.0,0.0,80.0,5.0,0.9,0.0,0.0,5.0,0.1,0.1,1.0,0.0,0.0,0.0,0.0,72.7,1.6,0.0,0.0,0.0,0.0,0.0,0.0
Djed Spence,22.0,eng ENG,DF,Nott'ham-Forest,0.0,0.0,0.0,0.0,0.0,0.0,0.0,387.0,7.0,4.3,16.0,15.0,43.0,0.1,0.1,2.0,0.0,4.0,1.0,5.0,85.4,1.14,0.47,17.0,8.0,4.0,11.0,63.0
Donny van de Beek,26.0,nl NED,DF,Manchester-United,0.0,0.0,0.0,0.0,0.0,0.0,0.0,3.0,1.0,0.0,0.0,0.0,1.0,0.0,0.0,1.0,0.0,0.0,0.0,1.0,100.0,0.0,0.0,0.0,0.0,0.0,0.0,1.5
Douglas Luiz,25.0,br BRA,MF,Aston-Villa,9.0,5.0,14.0,5.0,4.0,12.0,0.0,2993.0,35.0,33.3,60.0,168.0,50.0,6.9,3.8,44.0,13.0,39.0,8.0,53.0,85.7,1.69,0.24,58.0,23.0,8.0,18.0,284.0
Ederson,29.0,br BRA,GK,Manchester-City,0.0,0.0,0.0,0.0,0.0,5.0,0.0,2785.0,33.0,30.9,0.0,4.0,0.0,0.0,0.0,0.0,0.0,1.0,0.0,1.0,87.3,2.36,1.65,0.0,0.0,0.0,10.0,6.5
Edson Álvarez,25.0,mx MEX,MF,West-Ham-United,1.0,1.0,2.0,1.0,0.0,11.0,0.0,2377.0,31.0,26.4,20.0,91.0,26.0,1.3,1.3,17.0,3.0,6.0,1.0,12.0,85.6,1.48,-0.19,80.0,42.0,20.0,81.0,306.5
Elijah Adebayo,25.0,eng ENG,FW,Luton-Town,10.0,0.0,10.0,10.0,0.0,1.0,0.0,1419.0,27.0,15.8,16.0,23.0,110.0,5.9,5.9,31.0,14.0,4.0,0.0,14.0,70.6,0.78,-0.38,4.0,6.0,2.0,25.0,82.5
Elliot Anderson,20.0,eng ENG,"MF,FW",Newcastle-United,0.0,2.0,2.0,0.0,0.0,3.0,0.0,1027.0,21.0,11.4,37.0,57.0,70.0,1.5,1.5,19.0,4.0,12.0,0.0,15.0,80.4,1.86,1.4,24.0,8.0,4.0,23.0,102.0
Emerson Palmieri,28.0,it ITA,DF,West-Ham-United,1.0,2.0,3.0,1.0,0.0,10.0,0.0,3137.0,36.0,34.9,59.0,125.0,124.0,1.5,1.5,19.0,4.0,22.0,7.0,25.0,81.4,1.42,-0.26,106.0,43.0,15.0,96.0,384.0
Emil Krafth,28.0,se SWE,DF,Newcastle-United,0.0,0.0,0.0,0.0,0.0,2.0,0.0,913.0,17.0,10.1,12.0,29.0,33.0,0.2,0.2,4.0,0.0,13.0,7.0,9.0,84.1,1.71,1.08,21.0,9.0,3.0,21.0,82.5
Emiliano Martínez,30.0,ar ARG,GK,Aston-Villa,0.0,0.0,0.0,0.0,0.0,4.0,0.0,3015.0,34.0,33.5,0.0,2.0,0.0,0.0,0.0,0.0,0.0,0.0,0.0,2.0,82.9,1.91,0.72,0.0,0.0,0.0,12.0,9.0
Enzo Fernández,22.0,ar ARG,MF,Chelsea,3.0,2.0,5.0,2.0,1.0,7.0,0.0,2209.0,28.0,24.5,52.0,210.0,54.0,6.2,4.6,45.0,13.0,43.0,4.0,32.0,84.5,1.46,-0.24,50.0,17.0,13.0,28.0,213.5
Ethan Ampadu,22.0,wls WAL,"MF,DF",Nott'ham-Forest,0.0,1.0,1.0,0.0,0.0,9.0,0.0,4138.0,46.0,46.0,55.0,237.0,18.0,2.3,2.3,29.0,6.0,20.0,0.0,36.0,88.1,1.92,0.83,70.0,64.0,36.0,111.0,383.5
Ezri Konsa,25.0,eng ENG,DF,Aston-Villa,1.0,0.0,1.0,1.0,0.0,5.0,0.0,3069.0,35.0,34.1,37.0,136.0,33.0,2.5,2.5,19.0,5.0,14.0,2.0,8.0,91.1,1.77,0.41,54.0,28.0,20.0,73.0,221.5
Fabian Schär,31.0,ch SUI,DF,Newcastle-United,4.0,1.0,5.0,4.0,0.0,5.0,0.0,3054.0,36.0,33.9,28.0,133.0,20.0,2.5,2.5,35.0,9.0,18.0,3.0,10.0,82.8,1.56,0.41,42.0,36.0,38.0,133.0,271.5
Facundo Pellistri,21.0,uy URU,"FW,MF",Manchester-United,0.0,1.0,1.0,0.0,0.0,0.0,0.0,172.0,9.0,1.9,6.0,6.0,31.0,0.7,0.7,4.0,2.0,2.0,0.0,1.0,75.9,1.11,0.0,5.0,1.0,1.0,5.0,18.5
Finley Munroe,18.0,eng ENG,MF,Aston-Villa,0.0,0.0,0.0,0.0,0.0,0.0,0.0,4.0,1.0,0.0,0.0,0.0,0.0,0.0,0.0,0.0,0.0,0.0,0.0,0.0,100.0,0.0,0.0,0.0,0.0,0.0,0.0,0.0
Fred Onyedinma,26.0,eng ENG,"DF,MF",Luton-Town,0.0,0.0,0.0,0.0,0.0,1.0,0.0,407.0,8.0,4.5,9.0,6.0,21.0,0.2,0.2,5.0,2.0,2.0,1.0,2.0,67.4,0.5,-1.77,10.0,1.0,0.0,13.0,31.0
Gabriel Osho,24.0,ng NGA,DF,Luton-Town,2.0,0.0,2.0,2.0,0.0,3.0,0.0,1846.0,21.0,20.5,10.0,37.0,4.0,1.1,1.1,10.0,2.0,3.0,1.0,2.0,82.2,0.81,-0.78,41.0,31.0,20.0,92.0,203.5
George Baldock,30.0,gr GRE,DF,Sheffield-United,0.0,1.0,1.0,0.0,0.0,4.0,0.0,969.0,13.0,10.8,9.0,31.0,24.0,0.0,0.0,1.0,0.0,11.0,4.0,7.0,73.3,0.54,-0.93,18.0,10.0,8.0,33.0,88.0
George Earthy,18.0,eng ENG,FW,West-Ham-United,1.0,0.0,1.0,1.0,0.0,0.0,0.0,34.0,3.0,0.4,0.0,1.0,3.0,0.3,0.3,1.0,1.0,0.0,0.0,0.0,94.1,1.0,2.65,0.0,1.0,0.0,0.0,4.5
Georginio Rutter,21.0,fr FRA,"FW,MF",Nott'ham-Forest,6.0,16.0,22.0,6.0,0.0,6.0,0.0,3736.0,45.0,41.5,120.0,185.0,270.0,12.3,12.3,122.0,37.0,68.0,3.0,82.0,67.4,1.94,0.99,64.0,20.0,3.0,32.0,350.0
Glen Kamara,27.0,fi FIN,MF,Nott'ham-Forest,0.0,3.0,3.0,0.0,0.0,3.0,0.0,2698.0,37.0,30.0,47.0,206.0,71.0,0.5,0.5,5.0,2.0,37.0,0.0,39.0,92.7,2.13,1.07,38.0,33.0,5.0,17.0,203.5
Guglielmo Vicario,26.0,it ITA,GK,Tottenham-Hotspur,0.0,0.0,0.0,0.0,0.0,2.0,0.0,3420.0,38.0,38.0,0.0,3.0,0.0,0.0,0.0,0.0,0.0,0.0,0.0,0.0,85.1,1.74,0.34,0.0,1.0,0.0,31.0,17.0
Gustavo Hamer,26.0,nl NED,MF,Sheffield-United,4.0,6.0,10.0,4.0,0.0,9.0,0.0,2910.0,36.0,32.3,36.0,135.0,86.0,3.0,3.0,49.0,13.0,37.0,7.0,70.0,68.4,0.44,-1.61,39.0,29.0,9.0,35.0,277.0
Hannibal Mejbri,20.0,tn TUN,"MF,FW",Manchester-United,1.0,0.0,1.0,1.0,0.0,1.0,0.0,133.0,5.0,1.5,2.0,6.0,10.0,0.0,0.0,1.0,1.0,1.0,0.0,2.0,81.6,2.0,0.68,3.0,0.0,1.0,0.0,13.0
Harry Maguire,30.0,eng ENG,DF,Manchester-United,2.0,2.0,4.0,2.0,0.0,4.0,0.0,1653.0,22.0,18.4,20.0,73.0,2.0,2.0,2.0,20.0,3.0,6.0,0.0,6.0,83.1,1.68,0.22,24.0,25.0,24.0,83.0,170.0
Harvey Barnes,25.0,eng ENG,"FW,MF",Newcastle-United,5.0,3.0,8.0,5.0,0.0,2.0,0.0,802.0,21.0,8.9,45.0,34.0,79.0,3.6,3.6,27.0,12.0,17.0,3.0,13.0,76.5,1.76,1.57,6.0,5.0,0.0,3.0,61.5
Ian Maatsen,21.0,nl NED,"FW,MF",Chelsea,0.0,0.0,0.0,0.0,0.0,1.0,0.0,209.0,12.0,2.3,9.0,8.0,15.0,0.8,0.8,5.0,0.0,2.0,1.0,2.0,70.3,1.67,-1.29,3.0,3.0,0.0,10.0,18.5
Ian Poveda,23.0,eng ENG,"MF,FW",Nott'ham-Forest,0.0,0.0,0.0,0.0,0.0,0.0,0.0,150.0,7.0,1.7,9.0,12.0,12.0,0.1,0.1,2.0,0.0,4.0,0.0,3.0,72.3,1.57,0.6,4.0,1.0,0.0,0.0,14.0
Ilia Gruev,23.0,bg BUL,MF,Nott'ham-Forest,0.0,1.0,1.0,0.0,0.0,7.0,0.0,1774.0,29.0,19.7,11.0,86.0,8.0,0.4,0.4,6.0,1.0,6.0,1.0,14.0,90.0,2.06,0.71,47.0,27.0,4.0,14.0,168.5
Illan Meslier,23.0,fr FRA,GK,Nott'ham-Forest,0.0,0.0,0.0,0.0,0.0,3.0,1.0,3922.0,44.0,43.6,0.0,0.0,0.0,0.0,0.0,0.0,0.0,1.0,0.0,0.0,82.3,1.94,0.85,1.0,0.0,0.0,28.0,16.0
Ionuț Radu,26.0,ro ROU,GK,Bournemouth,0.0,0.0,0.0,0.0,0.0,0.0,0.0,180.0,2.0,2.0,0.0,0.0,0.0,0.0,0.0,0.0,0.0,0.0,0.0,0.0,82.4,1.5,-2.0,0.0,0.0,0.0,0.0,0.0
Issa Kaboré,22.0,bf BFA,DF,Luton-Town,0.0,2.0,2.0,0.0,0.0,7.0,0.0,1729.0,24.0,19.2,60.0,54.0,85.0,0.2,0.2,6.0,1.0,18.0,13.0,16.0,70.2,0.58,-0.83,52.0,16.0,11.0,56.0,195.0
Ivo Grbić,27.0,hr CRO,GK,Sheffield-United,0.0,0.0,0.0,0.0,0.0,1.0,0.0,771.0,9.0,8.6,0.0,0.0,0.0,0.0,0.0,0.0,0.0,0.0,0.0,0.0,49.7,0.33,-1.63,0.0,0.0,0.0,9.0,4.5
Jack Robinson,29.0,eng ENG,DF,Sheffield-United,1.0,1.0,2.0,1.0,0.0,10.0,0.0,2885.0,34.0,32.1,8.0,63.0,14.0,1.2,1.2,14.0,5.0,7.0,4.0,12.0,71.3,0.47,-1.65,43.0,33.0,33.0,132.0,257.5
Jacob Brown,25.0,sct SCO,"MF,FW",Luton-Town,2.0,0.0,2.0,2.0,0.0,4.0,0.0,1019.0,19.0,11.3,25.0,19.0,53.0,2.8,2.8,26.0,6.0,3.0,1.0,8.0,55.1,0.84,-0.88,19.0,8.0,1.0,22.0,80.0
Jacob Chapman,22.0,au AUS,GK,Brentford,0.0,0.0,0.0,0.0,0.0,0.0,0.0,139.0,2.0,1.5,0.0,0.0,0.0,0.0,0.0,0.0,0.0,0.0,0.0,0.0,53.3,1.5,0.65,0.0,0.0,0.0,2.0,1.0
Jacob Murphy,28.0,eng ENG,"FW,DF",Newcastle-United,3.0,7.0,10.0,3.0,0.0,1.0,0.0,1189.0,21.0,13.2,33.0,52.0,113.0,2.1,2.1,30.0,10.0,30.0,8.0,31.0,66.1,1.95,1.44,20.0,6.0,0.0,16.0,126.5
Jacob Ramsey,22.0,eng ENG,"FW,MF",Aston-Villa,1.0,1.0,2.0,1.0,0.0,2.0,0.0,853.0,16.0,9.5,33.0,28.0,69.0,2.2,2.2,19.0,4.0,5.0,0.0,10.0,79.8,2.19,1.06,16.0,3.0,2.0,8.0,62.5
Jaden Philogene Bidace,21.0,eng ENG,FW,Aston-Villa,0.0,0.0,0.0,0.0,0.0,0.0,0.0,4.0,1.0,0.0,2.0,0.0,1.0,0.0,0.0,0.0,0.0,0.0,0.0,0.0,75.0,0.0,-22.5,0.0,0.0,0.0,0.0,0.0
Jadon Sancho,23.0,eng ENG,"FW,MF",Manchester-United,0.0,0.0,0.0,0.0,0.0,0.0,0.0,79.0,3.0,0.9,10.0,4.0,5.0,0.0,0.0,0.0,0.0,2.0,0.0,1.0,79.1,2.0,1.14,1.0,1.0,0.0,0.0,5.0
Jaidon Anthony,23.0,eng ENG,"FW,MF",Nott'ham-Forest,1.0,0.0,1.0,1.0,0.0,0.0,0.0,500.0,31.0,5.6,33.0,25.0,64.0,1.7,1.7,20.0,6.0,10.0,4.0,9.0,76.3,2.0,0.9,14.0,2.0,0.0,4.0,49.5
Jamaal Lascelles,29.0,eng ENG,DF,Newcastle-United,1.0,0.0,1.0,1.0,0.0,4.0,0.0,1080.0,16.0,12.0,8.0,31.0,3.0,0.7,0.7,6.0,1.0,1.0,0.0,2.0,86.4,1.44,0.67,14.0,5.0,12.0,42.0,74.5
James Mcatee,20.0,eng ENG,MF,Sheffield-United,3.0,3.0,6.0,2.0,1.0,0.0,0.0,1.0,30.0,0.0,55.0,51.0,110.0,3.1,2.3,25.0,8.0,25.0,3.0,28.0,68.3,3.0,0.0,32.0,0.0,0.0,18.0,130.0
James Shea,32.0,eng ENG,GK,Luton-Town,0.0,0.0,0.0,0.0,0.0,0.0,0.0,15.0,1.0,0.2,0.0,0.0,0.0,0.0,0.0,0.0,0.0,0.0,0.0,0.0,66.7,0.0,0.0,0.0,0.0,0.0,2.0,1.0
James Ward-Prowse,28.0,eng ENG,MF,West-Ham-United,7.0,7.0,14.0,5.0,2.0,4.0,0.0,3001.0,37.0,33.3,18.0,144.0,63.0,6.0,4.4,42.0,16.0,23.0,8.0,64.0,82.9,1.38,-0.39,45.0,38.0,9.0,49.0,311.5
Jamie Shackleton,23.0,eng ENG,"DF,FW",Nott'ham-Forest,0.0,1.0,1.0,0.0,0.0,2.0,0.0,678.0,11.0,7.5,27.0,31.0,40.0,0.1,0.1,4.0,0.0,2.0,0.0,6.0,87.0,1.64,0.53,16.0,4.0,1.0,12.0,56.0
Jarrod Bowen,26.0,eng ENG,FW,West-Ham-United,16.0,6.0,22.0,16.0,0.0,2.0,0.0,3019.0,34.0,33.5,90.0,52.0,186.0,11.6,11.6,84.0,37.0,13.0,3.0,31.0,68.9,1.44,-0.3,42.0,19.0,5.0,14.0,231.0
Jason Steele,32.0,eng ENG,GK,Brighton-Hove-Albion,0.0,0.0,0.0,0.0,0.0,0.0,0.0,1530.0,17.0,17.0,0.0,0.0,0.0,0.0,0.0,0.0,0.0,0.0,0.0,0.0,84.7,1.12,-0.59,0.0,0.0,0.0,8.0,4.0
Jayden Bogle,23.0,eng ENG,DF,Sheffield-United,3.0,0.0,3.0,3.0,0.0,9.0,0.0,2788.0,34.0,31.0,38.0,60.0,92.0,2.3,2.3,32.0,11.0,20.0,5.0,10.0,70.7,0.44,-1.61,66.0,32.0,11.0,97.0,263.5
Jhon Durán,19.0,co COL,"FW,MF",Aston-Villa,5.0,0.0,5.0,5.0,0.0,5.0,0.0,475.0,23.0,5.3,9.0,9.0,25.0,2.0,2.0,20.0,7.0,1.0,0.0,4.0,68.6,1.74,0.57,6.0,1.0,0.0,10.0,39.5
Joe Gelhardt,21.0,eng ENG,"MF,FW",Nott'ham-Forest,0.0,0.0,0.0,0.0,0.0,1.0,0.0,197.0,10.0,2.2,1.0,9.0,5.0,0.6,0.6,5.0,1.0,3.0,0.0,2.0,82.8,1.5,-0.46,2.0,1.0,0.0,2.0,9.5
Joe Rodon,25.0,wls WAL,DF,Nott'ham-Forest,0.0,0.0,0.0,0.0,0.0,7.0,1.0,3722.0,43.0,41.4,23.0,180.0,1.0,1.8,1.8,22.0,3.0,0.0,0.0,6.0,90.7,1.96,0.94,48.0,50.0,36.0,198.0,315.0
Joe White,20.0,eng ENG,MF,Newcastle-United,0.0,0.0,0.0,0.0,0.0,1.0,0.0,13.0,4.0,0.1,2.0,3.0,3.0,0.0,0.0,0.0,0.0,0.0,0.0,0.0,91.7,1.0,13.85,1.0,0.0,0.0,0.0,2.0
Joe Willock,23.0,eng ENG,MF,Newcastle-United,1.0,0.0,1.0,1.0,0.0,0.0,0.0,419.0,9.0,4.7,16.0,17.0,26.0,0.8,0.8,7.0,3.0,3.0,1.0,7.0,82.9,1.56,-0.64,13.0,1.0,0.0,1.0,41.5
Joelinton,26.0,br BRA,"MF,FW",Newcastle-United,2.0,1.0,3.0,2.0,0.0,6.0,0.0,1279.0,20.0,14.2,29.0,56.0,60.0,3.1,3.1,19.0,7.0,9.0,0.0,23.0,83.6,1.45,0.21,39.0,19.0,7.0,11.0,161.5
John Egan,30.0,ie IRL,DF,Sheffield-United,0.0,0.0,0.0,0.0,0.0,2.0,0.0,482.0,6.0,5.4,0.0,5.0,1.0,0.2,0.2,3.0,1.0,1.0,0.0,0.0,69.2,0.17,-2.43,6.0,13.0,4.0,39.0,55.0
John Fleck,31.0,sct SCO,"MF,DF",Sheffield-United,0.0,0.0,0.0,0.0,0.0,1.0,0.0,92.0,4.0,1.0,2.0,3.0,0.0,0.0,0.0,0.0,0.0,1.0,0.0,2.0,72.5,0.0,-3.91,1.0,0.0,0.0,1.0,5.5
John McGinn,28.0,sct SCO,"MF,FW",Aston-Villa,6.0,4.0,10.0,6.0,0.0,9.0,1.0,2999.0,35.0,33.3,59.0,189.0,84.0,5.0,5.0,40.0,14.0,52.0,14.0,44.0,79.5,1.83,0.48,59.0,21.0,4.0,21.0,256.0
Jonny Evans,35.0,nir NIR,DF,Manchester-United,0.0,1.0,1.0,0.0,0.0,2.0,0.0,1392.0,23.0,15.5,7.0,37.0,1.0,0.1,0.1,1.0,0.0,3.0,0.0,6.0,87.6,1.65,-0.19,22.0,23.0,18.0,76.0,145.5
Jordan Clark,29.0,eng ENG,MF,Luton-Town,1.0,1.0,2.0,1.0,0.0,4.0,0.0,1304.0,23.0,14.5,21.0,51.0,39.0,1.0,1.0,17.0,4.0,18.0,4.0,12.0,71.9,0.57,-1.31,30.0,11.0,3.0,15.0,110.0
Jordan Pickford,29.0,eng ENG,GK,Everton,0.0,0.0,0.0,0.0,0.0,5.0,0.0,3420.0,38.0,38.0,1.0,6.0,0.0,0.0,0.0,0.0,0.0,8.0,0.0,4.0,62.6,1.26,-0.29,1.0,0.0,0.0,19.0,17.5
Joseph Johnson,17.0,eng ENG,DF,Luton-Town,0.0,0.0,0.0,0.0,0.0,1.0,0.0,77.0,2.0,0.9,0.0,2.0,1.0,0.0,0.0,0.0,0.0,0.0,0.0,0.0,83.3,0.0,-3.51,0.0,0.0,0.0,0.0,0.0
Joshua Acheampong,17.0,eng ENG,DF,Chelsea,0.0,0.0,0.0,0.0,0.0,0.0,0.0,6.0,1.0,0.1,0.0,0.0,0.0,0.0,0.0,0.0,0.0,0.0,0.0,0.0,50.0,3.0,0.0,0.0,0.0,3.0,0.0,3.0
José Sá,30.0,pt POR,GK,Wolverhampton-Wanderers,0.0,1.0,1.0,0.0,0.0,1.0,0.0,3037.0,35.0,33.7,0.0,1.0,0.0,0.0,0.0,0.0,0.0,0.0,0.0,1.0,65.6,1.23,-0.33,0.0,0.0,0.0,21.0,14.0
Joël Piroe,23.0,nl NED,"MF,FW",Nott'ham-Forest,13.0,3.0,16.0,11.0,2.0,2.0,0.0,2520.0,42.0,28.0,44.0,111.0,122.0,11.7,10.1,74.0,30.0,18.0,0.0,36.0,80.2,1.98,0.86,26.0,6.0,3.0,8.0,167.0
Junior Firpo,26.0,do DOM,DF,Nott'ham-Forest,0.0,7.0,7.0,0.0,0.0,6.0,0.0,1786.0,26.0,19.8,35.0,103.0,131.0,0.6,0.6,9.0,3.0,22.0,10.0,28.0,80.5,2.03,0.76,59.0,25.0,5.0,40.0,236.5
Kalvin Phillips,27.0,eng ENG,MF,West-Ham-United,0.0,0.0,0.0,0.0,0.0,0.0,0.0,93.0,8.0,1.0,3.0,19.0,4.0,0.1,0.1,2.0,0.0,0.0,0.0,0.0,78.8,2.25,0.97,3.0,2.0,0.0,2.0,10.0
Karl Darlow,32.0,wls WAL,GK,Nott'ham-Forest,0.0,0.0,0.0,0.0,0.0,0.0,0.0,126.0,2.0,1.4,0.0,0.0,0.0,0.0,0.0,0.0,0.0,0.0,0.0,0.0,84.7,0.0,-1.43,0.0,0.0,0.0,0.0,0.0
Kieran Trippier,32.0,eng ENG,DF,Newcastle-United,1.0,10.0,11.0,1.0,0.0,5.0,0.0,2236.0,28.0,24.8,34.0,157.0,128.0,0.7,0.7,8.0,2.0,52.0,19.0,65.0,76.2,1.46,0.24,57.0,24.0,8.0,57.0,307.0
Kobbie Mainoo,18.0,eng ENG,MF,Manchester-United,3.0,1.0,4.0,3.0,0.0,3.0,0.0,1924.0,24.0,21.4,25.0,64.0,36.0,0.9,0.9,11.0,5.0,9.0,1.0,15.0,86.2,1.5,0.09,47.0,22.0,12.0,30.0,187.5
Konstantinos Mavropanos,25.0,gr GRE,DF,West-Ham-United,1.0,0.0,1.0,1.0,0.0,2.0,0.0,1500.0,19.0,16.7,10.0,38.0,2.0,1.2,1.2,12.0,2.0,1.0,0.0,3.0,75.9,1.32,0.0,28.0,23.0,13.0,79.0,150.5
Kristoffer Klaesson,22.0,no NOR,GK,Nott'ham-Forest,0.0,0.0,0.0,0.0,0.0,0.0,0.0,90.0,1.0,1.0,0.0,0.0,0.0,0.0,0.0,0.0,0.0,0.0,0.0,0.0,74.2,3.0,3.0,0.0,0.0,0.0,0.0,0.0
Kurt Zouma,28.0,fr FRA,DF,West-Ham-United,3.0,0.0,3.0,3.0,0.0,3.0,0.0,2838.0,33.0,31.5,7.0,53.0,1.0,1.8,1.8,16.0,7.0,1.0,0.0,4.0,83.8,1.39,-0.32,23.0,29.0,28.0,160.0,212.5
Leander Dendoncker,28.0,be BEL,MF,Aston-Villa,1.0,0.0,1.0,1.0,0.0,0.0,0.0,119.0,8.0,1.3,0.0,3.0,2.0,0.7,0.7,2.0,1.0,0.0,0.0,0.0,80.4,2.25,0.0,6.0,2.0,2.0,3.0,21.5
Lee Nicholls,30.0,eng ENG,GK,Brentford,0.0,0.0,0.0,0.0,0.0,4.0,0.0,3305.0,37.0,36.7,0.0,0.0,0.0,0.0,0.0,0.0,0.0,0.0,0.0,0.0,59.2,0.97,-0.74,0.0,0.0,0.0,18.0,9.0
Leo Fuhr Hjelde,19.0,no NOR,DF,Nott'ham-Forest,0.0,0.0,0.0,0.0,0.0,0.0,0.0,45.0,1.0,0.5,0.0,2.0,0.0,0.0,0.0,0.0,0.0,0.0,0.0,0.0,84.4,1.0,-4.0,0.0,0.0,0.0,3.0,1.5
Leon Bailey,25.0,jm JAM,"MF,FW",Aston-Villa,10.0,9.0,19.0,10.0,0.0,5.0,0.0,2068.0,35.0,23.0,102.0,82.0,226.0,6.3,6.3,53.0,18.0,51.0,7.0,52.0,72.5,1.77,0.91,13.0,9.0,1.0,6.0,169.5
Lesley Ugochukwu,19.0,fr FRA,MF,Chelsea,0.0,0.0,0.0,0.0,0.0,2.0,0.0,301.0,12.0,3.3,8.0,17.0,3.0,0.0,0.0,0.0,0.0,5.0,0.0,3.0,84.7,1.5,-0.9,14.0,1.0,2.0,5.0,38.5
Levi Colwill,20.0,eng ENG,DF,Chelsea,1.0,1.0,2.0,1.0,0.0,2.0,0.0,1797.0,23.0,20.0,23.0,73.0,27.0,1.3,1.3,11.0,3.0,6.0,0.0,7.0,83.0,1.52,0.15,48.0,26.0,10.0,66.0,193.5
Lewis Hall,18.0,eng ENG,DF,Newcastle-United,1.0,0.0,1.0,1.0,0.0,2.0,0.0,781.0,18.0,8.7,19.0,46.0,27.0,0.3,0.3,11.0,4.0,3.0,1.0,3.0,81.9,1.44,1.27,28.0,12.0,2.0,22.0,94.5
Lewis Miley,17.0,eng ENG,MF,Newcastle-United,1.0,3.0,4.0,1.0,0.0,1.0,0.0,1202.0,17.0,13.4,14.0,53.0,54.0,1.2,1.2,13.0,3.0,12.0,2.0,12.0,82.4,1.18,-0.22,33.0,8.0,3.0,18.0,117.0
Liam Cooper,31.0,sct SCO,DF,Nott'ham-Forest,1.0,0.0,1.0,1.0,0.0,0.0,0.0,706.0,15.0,7.8,2.0,36.0,2.0,0.1,0.1,3.0,2.0,0.0,0.0,1.0,89.9,2.13,0.13,10.0,14.0,7.0,29.0,67.0
Lisandro Martínez,25.0,ar ARG,DF,Manchester-United,0.0,1.0,1.0,0.0,0.0,3.0,0.0,646.0,11.0,7.2,8.0,28.0,1.0,0.0,0.0,0.0,0.0,1.0,0.0,3.0,92.2,1.82,0.0,12.0,5.0,8.0,26.0,59.0
Loris Karius,30.0,de GER,GK,Newcastle-United,0.0,0.0,0.0,0.0,0.0,0.0,0.0,90.0,1.0,1.0,0.0,0.0,0.0,0.0,0.0,0.0,0.0,0.0,0.0,0.0,56.8,0.0,-3.0,0.0,0.0,0.0,1.0,0.5
Lucas Digne,30.0,fr FRA,DF,Aston-Villa,1.0,3.0,4.0,1.0,0.0,7.0,0.0,2410.0,33.0,26.8,42.0,77.0,200.0,1.1,1.1,20.0,4.0,34.0,15.0,37.0,75.1,1.76,0.49,47.0,26.0,2.0,67.0,233.0
Lucas Paquetá,25.0,br BRA,"FW,MF",West-Ham-United,4.0,6.0,10.0,2.0,2.0,10.0,0.0,2622.0,31.0,29.1,34.0,187.0,116.0,5.4,3.8,40.0,8.0,50.0,8.0,43.0,73.9,1.58,0.0,71.0,21.0,1.0,28.0,277.0
Luis Sinisterra,24.0,co COL,MF,Nott'ham-Forest,1.0,0.0,1.0,1.0,0.0,0.0,0.0,174.0,2.0,1.9,5.0,10.0,15.0,0.4,0.4,5.0,4.0,3.0,0.0,4.0,90.6,2.0,1.03,1.0,0.0,0.0,0.0,11.0
Luke Ayling,31.0,eng ENG,DF,Nott'ham-Forest,1.0,1.0,2.0,1.0,0.0,2.0,0.0,749.0,14.0,8.3,14.0,24.0,58.0,0.5,0.5,8.0,1.0,9.0,2.0,13.0,76.2,2.0,0.48,30.0,10.0,0.0,19.0,109.0
Luke Berry,31.0,eng ENG,"MF,DF",Luton-Town,2.0,1.0,3.0,2.0,0.0,1.0,0.0,323.0,17.0,3.6,1.0,8.0,7.0,1.0,1.0,8.0,4.0,0.0,0.0,2.0,64.6,0.59,0.0,7.0,0.0,1.0,3.0,27.5
Luke Shaw,28.0,eng ENG,DF,Manchester-United,0.0,0.0,0.0,0.0,0.0,6.0,0.0,959.0,12.0,10.7,10.0,45.0,30.0,0.0,0.0,2.0,0.0,7.0,0.0,13.0,81.9,1.83,0.28,11.0,6.0,11.0,39.0,81.0
Luke Thomas,22.0,eng ENG,DF,Sheffield-United,0.0,0.0,0.0,0.0,0.0,3.0,0.0,917.0,12.0,10.2,8.0,33.0,22.0,0.5,0.5,6.0,1.0,5.0,2.0,2.0,73.4,0.42,-2.36,20.0,10.0,5.0,27.0,76.5
Mads Juel Andersen,25.0,dk DEN,DF,Luton-Town,1.0,0.0,1.0,1.0,0.0,1.0,0.0,400.0,8.0,4.4,0.0,7.0,1.0,0.3,0.3,3.0,1.0,0.0,0.0,0.0,74.4,1.13,-0.9,6.0,8.0,6.0,29.0,47.5
Malo Gusto,20.0,fr FRA,DF,Chelsea,0.0,6.0,6.0,0.0,0.0,7.0,1.0,1751.0,27.0,19.5,78.0,86.0,135.0,0.9,0.9,15.0,5.0,29.0,13.0,32.0,86.4,1.81,0.57,55.0,17.0,4.0,43.0,221.0
Marc Cucurella,25.0,es ESP,DF,Chelsea,0.0,2.0,2.0,0.0,0.0,10.0,0.0,1782.0,21.0,19.8,31.0,50.0,73.0,1.1,1.1,8.0,4.0,7.0,4.0,19.0,86.6,1.81,0.86,62.0,22.0,13.0,48.0,226.5
Marcus Rashford,25.0,eng ENG,FW,Manchester-United,7.0,2.0,9.0,5.0,2.0,2.0,0.0,2271.0,33.0,25.2,95.0,65.0,184.0,7.4,5.8,60.0,19.0,30.0,1.0,23.0,75.3,1.61,-0.04,19.0,4.0,1.0,21.0,115.0
Mark Flekken,30.0,nl NED,GK,Burnley,0.0,1.0,1.0,0.0,0.0,3.0,0.0,3285.0,37.0,36.5,0.0,5.0,0.0,0.0,0.0,0.0,0.0,1.0,0.0,4.0,71.6,1.05,-0.27,1.0,0.0,0.0,17.0,18.5
Mark Travers,24.0,ie IRL,GK,Bournemouth,0.0,0.0,0.0,0.0,0.0,0.0,0.0,360.0,4.0,4.0,0.0,0.0,0.0,0.0,0.0,0.0,0.0,0.0,0.0,0.0,56.8,1.5,0.0,0.0,0.0,0.0,2.0,1.0
Martin Dúbravka,34.0,sk SVK,GK,Newcastle-United,0.0,0.0,0.0,0.0,0.0,1.0,0.0,1985.0,23.0,22.1,0.0,0.0,0.0,0.0,0.0,0.0,0.0,0.0,0.0,1.0,79.7,1.48,0.27,0.0,0.0,0.0,8.0,5.5
Marvelous Nakamba,29.0,zw ZIM,MF,Luton-Town,0.0,0.0,0.0,0.0,0.0,5.0,0.0,1130.0,13.0,12.6,1.0,36.0,5.0,0.2,0.2,5.0,0.0,2.0,1.0,7.0,84.2,0.46,-1.12,40.0,11.0,6.0,11.0,118.5
Mason Burstow,19.0,eng ENG,FW,Chelsea,0.0,0.0,0.0,0.0,0.0,0.0,0.0,9.0,2.0,0.1,0.0,0.0,1.0,0.0,0.0,0.0,0.0,0.0,0.0,0.0,75.0,1.5,-10.0,0.0,0.0,0.0,0.0,0.0
Mason Holgate,26.0,eng ENG,DF,Sheffield-United,0.0,0.0,0.0,0.0,0.0,3.0,1.0,710.0,10.0,7.9,0.0,13.0,0.0,0.6,0.6,3.0,0.0,2.0,2.0,1.0,65.4,0.5,-1.39,12.0,11.0,5.0,40.0,67.0
Mason Mount,24.0,eng ENG,"MF,FW",Manchester-United,1.0,0.0,1.0,1.0,0.0,2.0,0.0,516.0,14.0,5.7,9.0,21.0,34.0,0.4,0.4,5.0,1.0,6.0,2.0,6.0,81.7,1.36,-1.74,22.0,6.0,1.0,3.0,67.5
Mateo Joseph,19.0,es ESP,"FW,MF",Nott'ham-Forest,1.0,0.0,1.0,1.0,0.0,1.0,0.0,234.0,20.0,2.6,5.0,7.0,17.0,1.7,1.7,7.0,2.0,4.0,0.0,7.0,73.4,1.73,0.38,2.0,1.0,0.0,3.0,20.5
Matt Ritchie,33.0,sct SCO,"FW,MF",Newcastle-United,1.0,0.0,1.0,1.0,0.0,1.0,0.0,128.0,13.0,1.4,5.0,8.0,13.0,1.0,1.0,6.0,4.0,3.0,0.0,0.0,75.3,1.92,-1.41,5.0,1.0,2.0,5.0,19.0
Matt Targett,27.0,eng ENG,DF,Newcastle-United,0.0,0.0,0.0,0.0,0.0,1.0,0.0,78.0,3.0,0.9,1.0,2.0,0.0,0.0,0.0,0.0,0.0,0.0,0.0,1.0,87.8,0.33,-4.62,2.0,0.0,0.0,2.0,6.5
Matty Cash,25.0,pl POL,DF,Aston-Villa,2.0,2.0,4.0,2.0,0.0,8.0,0.0,2142.0,29.0,23.8,62.0,88.0,101.0,4.2,4.2,33.0,13.0,19.0,8.0,13.0,80.4,1.86,0.55,54.0,18.0,14.0,59.0,208.0
Max Lowe,26.0,eng ENG,"DF,MF",Sheffield-United,0.0,0.0,0.0,0.0,0.0,1.0,0.0,503.0,10.0,5.6,5.0,12.0,11.0,0.6,0.6,2.0,0.0,3.0,0.0,2.0,64.6,0.7,-1.07,21.0,5.0,4.0,15.0,64.0
Maxwel Cornet,26.0,ci CIV,"MF,FW",West-Ham-United,1.0,0.0,1.0,1.0,0.0,0.0,0.0,112.0,7.0,1.2,3.0,2.0,8.0,0.4,0.4,4.0,1.0,0.0,0.0,4.0,73.5,0.43,-0.8,3.0,2.0,0.0,1.0,18.5
Michael Ndiweni,19.0,eng ENG,FW,Newcastle-United,0.0,0.0,0.0,0.0,0.0,0.0,0.0,1.0,1.0,0.0,0.0,0.0,0.0,0.0,0.0,0.0,0.0,0.0,0.0,0.0,50.0,3.0,0.0,0.0,0.0,0.0,0.0,0.0
Michail Antonio,33.0,jm JAM,FW,West-Ham-United,6.0,2.0,8.0,6.0,0.0,6.0,0.0,1695.0,26.0,18.8,48.0,22.0,104.0,5.8,5.8,30.0,14.0,7.0,2.0,8.0,58.4,1.27,-0.05,15.0,4.0,3.0,4.0,75.0
Miguel Almirón,29.0,py PAR,FW,Newcastle-United,3.0,1.0,4.0,3.0,0.0,2.0,0.0,1937.0,33.0,21.5,78.0,78.0,162.0,4.5,4.5,41.0,12.0,21.0,3.0,24.0,83.4,1.52,0.0,36.0,10.0,2.0,13.0,142.5
Mohammed Kudus,22.0,gh GHA,"FW,MF",West-Ham-United,8.0,6.0,14.0,8.0,0.0,6.0,0.0,2484.0,33.0,27.6,117.0,80.0,216.0,5.1,5.1,67.0,17.0,29.0,16.0,28.0,77.4,1.3,-0.69,65.0,11.0,0.0,9.0,229.0
Moisés Caicedo,21.0,ec ECU,MF,Chelsea,1.0,3.0,4.0,1.0,0.0,11.0,0.0,2866.0,35.0,31.8,27.0,173.0,27.0,0.4,0.4,13.0,4.0,20.0,0.0,23.0,90.0,1.74,0.53,91.0,37.0,25.0,44.0,328.0
Morgan Rogers,21.0,eng ENG,"MF,FW",Aston-Villa,3.0,1.0,4.0,3.0,0.0,3.0,0.0,638.0,11.0,7.1,22.0,28.0,30.0,1.4,1.4,11.0,5.0,12.0,0.0,9.0,75.4,1.91,-0.14,8.0,3.0,0.0,11.0,50.5
Moussa Diaby,24.0,fr FRA,"FW,MF",Aston-Villa,6.0,8.0,14.0,6.0,0.0,1.0,0.0,2174.0,38.0,24.2,94.0,72.0,183.0,7.0,7.0,54.0,22.0,40.0,9.0,47.0,78.4,1.79,0.04,12.0,9.0,1.0,6.0,146.0
Mykhailo Mudryk,22.0,ua UKR,FW,Chelsea,5.0,2.0,7.0,5.0,0.0,5.0,0.0,1576.0,31.0,17.5,92.0,45.0,139.0,4.4,4.4,35.0,12.0,22.0,4.0,32.0,68.0,1.52,0.69,21.0,9.0,1.0,9.0,128.0
Nayef Aguerd,27.0,ma MAR,DF,West-Ham-United,1.0,0.0,1.0,1.0,0.0,3.0,1.0,1857.0,21.0,20.6,10.0,68.0,3.0,1.5,1.5,14.0,3.0,2.0,0.0,4.0,80.1,1.19,-0.87,26.0,17.0,24.0,85.0,153.0
Neto,34.0,br BRA,GK,Bournemouth,0.0,0.0,0.0,0.0,0.0,5.0,0.0,2880.0,32.0,32.0,0.0,0.0,0.0,0.0,0.0,0.0,0.0,0.0,0.0,0.0,65.3,1.22,-0.28,0.0,1.0,0.0,12.0,7.5
Nick Pope,31.0,eng ENG,GK,Newcastle-United,0.0,0.0,0.0,0.0,0.0,1.0,0.0,1345.0,15.0,14.9,0.0,0.0,0.0,0.0,0.0,1.0,0.0,0.0,0.0,0.0,76.9,1.93,1.34,0.0,0.0,0.0,7.0,3.5
Nicolas Jackson,22.0,sn SEN,FW,Chelsea,14.0,5.0,19.0,14.0,0.0,10.0,0.0,2799.0,35.0,31.1,70.0,67.0,200.0,18.6,18.6,80.0,38.0,21.0,0.0,38.0,77.3,1.63,0.55,21.0,4.0,5.0,17.0,170.5
Nicolò Zaniolo,24.0,it ITA,"FW,MF",Aston-Villa,2.0,0.0,2.0,2.0,0.0,7.0,0.0,839.0,25.0,9.3,35.0,30.0,60.0,2.6,2.6,27.0,10.0,5.0,0.0,10.0,65.8,1.6,0.43,19.0,1.0,0.0,11.0,66.0
Noni Madueke,21.0,eng ENG,FW,Chelsea,5.0,2.0,7.0,4.0,1.0,2.0,0.0,1053.0,23.0,11.7,76.0,52.0,136.0,2.5,1.7,31.0,12.0,13.0,2.0,20.0,84.8,1.74,0.77,16.0,4.0,0.0,14.0,94.0
Oliver Arblaster,19.0,eng ENG,MF,Sheffield-United,0.0,0.0,0.0,0.0,0.0,2.0,0.0,943.0,12.0,10.5,13.0,43.0,4.0,0.0,0.0,1.0,1.0,6.0,0.0,11.0,79.7,0.25,-1.43,23.0,15.0,7.0,9.0,96.5
Oliver McBurnie,27.0,sct SCO,FW,Sheffield-United,6.0,3.0,9.0,4.0,2.0,7.0,2.0,1280.0,21.0,14.2,6.0,30.0,60.0,6.9,5.3,31.0,15.0,5.0,1.0,12.0,59.3,0.29,-1.41,17.0,5.0,2.0,28.0,99.5
Oliver Norwood,32.0,nir NIR,MF,Sheffield-United,1.0,0.0,1.0,0.0,1.0,8.0,0.0,1440.0,27.0,16.0,3.0,73.0,10.0,1.1,0.3,14.0,5.0,11.0,2.0,17.0,69.6,0.44,-2.19,41.0,21.0,9.0,39.0,170.5
Ollie Watkins,27.0,eng ENG,FW,Aston-Villa,19.0,13.0,32.0,19.0,0.0,4.0,0.0,3217.0,37.0,35.7,62.0,55.0,214.0,16.8,16.8,107.0,47.0,22.0,0.0,45.0,75.4,1.84,0.45,12.0,4.0,4.0,20.0,194.5
Omari Forson,19.0,eng ENG,FW,Manchester-United,0.0,1.0,1.0,0.0,0.0,0.0,0.0,70.0,4.0,0.8,1.0,2.0,2.0,0.0,0.0,1.0,0.0,1.0,0.0,2.0,90.9,0.75,-1.29,2.0,0.0,0.0,0.0,9.0
Omari Kellyman,17.0,eng ENG,FW,Aston-Villa,0.0,0.0,0.0,0.0,0.0,0.0,0.0,37.0,2.0,0.4,1.0,0.0,0.0,0.1,0.1,1.0,0.0,0.0,0.0,0.0,85.7,0.0,-2.43,1.0,0.0,0.0,0.0,2.0
Pablo Fornals,27.0,es ESP,"MF,FW",West-Ham-United,0.0,0.0,0.0,0.0,0.0,0.0,0.0,426.0,15.0,4.7,4.0,29.0,27.0,0.3,0.3,7.0,3.0,6.0,1.0,5.0,77.1,1.67,-0.63,10.0,6.0,1.0,7.0,41.0
Pascal Struijk,23.0,nl NED,DF,Nott'ham-Forest,3.0,0.0,3.0,2.0,1.0,1.0,0.0,1989.0,23.0,22.1,22.0,146.0,3.0,2.8,2.0,13.0,4.0,3.0,0.0,3.0,89.9,1.83,0.77,31.0,19.0,12.0,73.0,152.5
Patrick Bamford,29.0,eng ENG,"FW,MF",Nott'ham-Forest,8.0,1.0,9.0,8.0,0.0,2.0,0.0,1493.0,33.0,16.6,17.0,24.0,82.0,9.5,8.7,53.0,23.0,8.0,0.0,13.0,72.1,2.06,1.21,17.0,2.0,0.0,10.0,87.5
Pau Torres,26.0,es ESP,DF,Aston-Villa,2.0,0.0,2.0,2.0,0.0,1.0,0.0,2464.0,29.0,27.4,42.0,128.0,16.0,1.0,1.0,12.0,5.0,12.0,1.0,8.0,87.4,2.07,0.73,29.0,14.0,12.0,75.0,146.5
Paul Dummett,31.0,wls WAL,DF,Newcastle-United,0.0,0.0,0.0,0.0,0.0,0.0,0.0,20.0,5.0,0.2,1.0,1.0,0.0,0.0,0.0,1.0,0.0,0.0,0.0,0.0,91.3,2.6,-4.5,1.0,0.0,0.0,1.0,2.5
Pelly Ruddock Mpanzu,30.0,cd COD,MF,Luton-Town,0.0,0.0,0.0,0.0,0.0,1.0,0.0,1101.0,27.0,12.2,10.0,34.0,15.0,0.6,0.6,11.0,1.0,13.0,2.0,6.0,73.6,0.7,-1.31,13.0,9.0,7.0,16.0,63.5
Philippe Coutinho,31.0,br BRA,"MF,FW",Aston-Villa,0.0,0.0,0.0,0.0,0.0,0.0,0.0,25.0,2.0,0.3,5.0,5.0,2.0,0.1,0.1,3.0,1.0,0.0,0.0,0.0,83.3,1.5,0.0,0.0,0.0,0.0,0.0,0.0
Raheem Sterling,28.0,eng ENG,"FW,MF",Chelsea,8.0,4.0,12.0,8.0,0.0,7.0,0.0,1978.0,31.0,22.0,120.0,78.0,242.0,6.5,6.5,51.0,21.0,35.0,7.0,30.0,73.9,1.48,0.14,21.0,13.0,0.0,9.0,143.0
Raphaël Varane,30.0,fr FRA,DF,Manchester-United,1.0,0.0,1.0,1.0,0.0,2.0,0.0,1375.0,22.0,15.3,16.0,59.0,2.0,1.3,1.3,8.0,2.0,4.0,0.0,1.0,88.9,1.91,0.13,18.0,15.0,18.0,88.0,125.0
Rasmus Højlund,20.0,dk DEN,FW,Manchester-United,10.0,2.0,12.0,10.0,0.0,2.0,0.0,2158.0,30.0,24.0,36.0,33.0,111.0,7.6,7.6,38.0,20.0,14.0,1.0,28.0,75.6,1.6,0.04,11.0,1.0,1.0,19.0,110.0
Reece Burke,26.0,eng ENG,DF,Luton-Town,0.0,4.0,4.0,0.0,0.0,5.0,0.0,1660.0,22.0,18.4,11.0,67.0,14.0,1.3,1.3,13.0,3.0,9.0,3.0,13.0,76.1,0.68,-0.7,37.0,18.0,18.0,78.0,185.5
Reece James,23.0,eng ENG,DF,Chelsea,0.0,2.0,2.0,0.0,0.0,2.0,2.0,419.0,10.0,4.7,19.0,21.0,35.0,0.3,0.3,7.0,1.0,6.0,3.0,11.0,80.6,1.2,-0.64,14.0,3.0,4.0,7.0,60.5
Remi Matthews,29.0,eng ENG,GK,Crystal-Palace,0.0,0.0,0.0,0.0,0.0,0.0,0.0,4.0,1.0,0.0,0.0,0.0,0.0,0.0,0.0,0.0,0.0,0.0,0.0,0.0,0.0,0.0,-22.5,0.0,0.0,0.0,1.0,0.5
Rhian Brewster,23.0,eng ENG,"FW,MF",Sheffield-United,0.0,0.0,0.0,0.0,0.0,0.0,1.0,346.0,13.0,3.8,1.0,3.0,21.0,0.4,0.4,7.0,3.0,1.0,0.0,2.0,68.4,0.54,-2.08,5.0,1.0,0.0,2.0,15.5
Rhys Norrington-Davies,24.0,wls WAL,DF,Sheffield-United,0.0,0.0,0.0,0.0,0.0,1.0,0.0,110.0,5.0,1.2,3.0,2.0,6.0,0.0,0.0,0.0,0.0,0.0,0.0,1.0,71.6,0.8,-4.09,1.0,1.0,0.0,2.0,6.0
Robert Sánchez,25.0,es ESP,GK,Chelsea,0.0,0.0,0.0,0.0,0.0,2.0,0.0,1433.0,16.0,15.9,0.0,1.0,0.0,0.0,0.0,0.0,0.0,0.0,0.0,0.0,82.1,1.19,0.06,0.0,0.0,0.0,11.0,5.5
Robin Olsen,33.0,se SWE,GK,Aston-Villa,0.0,0.0,0.0,0.0,0.0,0.0,0.0,405.0,5.0,4.5,0.0,0.0,0.0,0.0,0.0,0.0,0.0,0.0,0.0,0.0,81.3,0.8,-2.0,0.0,0.0,0.0,1.0,0.5
Roméo Lavia,19.0,be BEL,MF,Chelsea,0.0,0.0,0.0,0.0,0.0,0.0,0.0,33.0,1.0,0.4,0.0,1.0,0.0,0.0,0.0,0.0,0.0,0.0,0.0,0.0,81.5,3.0,2.73,1.0,0.0,0.0,1.0,2.5
Ross Barkley,29.0,eng ENG,MF,Luton-Town,5.0,4.0,9.0,5.0,0.0,6.0,0.0,2618.0,32.0,29.1,48.0,163.0,39.0,4.1,4.1,66.0,19.0,27.0,1.0,44.0,82.6,0.69,-0.79,47.0,25.0,9.0,51.0,255.0
Ryan John Giles,23.0,eng ENG,"DF,MF",Luton-Town,0.0,0.0,0.0,0.0,0.0,0.0,0.0,503.0,11.0,5.6,9.0,17.0,30.0,0.1,0.1,2.0,2.0,10.0,6.0,5.0,64.2,0.64,-1.61,8.0,4.0,0.0,22.0,40.5
Ryan One,17.0,sct SCO,FW,Sheffield-United,0.0,0.0,0.0,0.0,0.0,0.0,0.0,8.0,1.0,0.1,1.0,0.0,0.0,0.0,0.0,0.0,0.0,0.0,0.0,0.0,100.0,0.0,-22.5,0.0,0.0,0.0,0.0,0.0
Sam Byram,29.0,eng ENG,DF,Nott'ham-Forest,2.0,1.0,3.0,2.0,0.0,3.0,0.0,1933.0,33.0,21.5,49.0,123.0,113.0,1.7,1.7,23.0,5.0,21.0,3.0,20.0,78.8,2.09,0.79,60.0,34.0,14.0,70.0,258.0
Sam Curtis,17.0,ie IRL,DF,Sheffield-United,0.0,0.0,0.0,0.0,0.0,0.0,0.0,28.0,1.0,0.3,0.0,1.0,1.0,0.0,0.0,0.0,0.0,0.0,0.0,0.0,60.0,0.0,0.0,1.0,0.0,0.0,0.0,2.0
Sam Greenwood,21.0,eng ENG,MF,Nott'ham-Forest,0.0,0.0,0.0,0.0,0.0,0.0,0.0,8.0,1.0,0.1,0.0,0.0,0.0,0.0,0.0,0.0,0.0,0.0,0.0,1.0,50.0,1.0,0.0,0.0,0.0,0.0,0.0,1.5
Sam Johnstone,30.0,eng ENG,GK,Crystal-Palace,0.0,0.0,0.0,0.0,0.0,1.0,0.0,1796.0,20.0,20.0,0.0,0.0,0.0,0.0,0.0,0.0,0.0,0.0,0.0,0.0,57.3,1.05,-0.3,1.0,1.0,0.0,5.0,6.0
Sandro Tonali,23.0,it ITA,MF,Newcastle-United,1.0,0.0,1.0,1.0,0.0,2.0,0.0,438.0,8.0,4.9,11.0,19.0,21.0,0.7,0.7,3.0,2.0,4.0,2.0,7.0,86.1,1.63,1.23,7.0,2.0,0.0,4.0,32.5
Saïd Benrahma,27.0,dz ALG,"FW,MF",West-Ham-United,0.0,1.0,1.0,0.0,0.0,1.0,0.0,620.0,13.0,6.9,28.0,28.0,70.0,1.8,1.0,18.0,5.0,11.0,2.0,11.0,75.1,1.62,0.58,8.0,5.0,0.0,7.0,45.5
Scott McTominay,26.0,sct SCO,"MF,FW",Manchester-United,7.0,1.0,8.0,7.0,0.0,2.0,0.0,1901.0,32.0,21.1,29.0,64.0,47.0,5.7,5.7,44.0,19.0,9.0,0.0,11.0,80.6,1.81,0.05,49.0,14.0,12.0,54.0,197.5
Sean Longstaff,25.0,eng ENG,MF,Newcastle-United,6.0,2.0,8.0,6.0,0.0,7.0,0.0,2747.0,35.0,30.5,24.0,145.0,116.0,6.6,6.6,41.0,15.0,26.0,4.0,20.0,79.9,1.54,0.79,54.0,17.0,7.0,23.0,204.0
Sergio Reguilón,26.0,es ESP,DF,Manchester-United,0.0,0.0,0.0,0.0,0.0,3.0,0.0,412.0,9.0,4.6,11.0,27.0,38.0,0.2,0.2,4.0,0.0,17.0,13.0,20.0,67.2,1.19,0.0,45.0,16.0,6.0,41.0,170.5
Sofyan Amrabat,26.0,ma MAR,"MF,DF",Manchester-United,0.0,0.0,0.0,0.0,0.0,6.0,0.0,938.0,21.0,10.4,6.0,66.0,10.0,0.1,0.1,3.0,0.0,6.0,1.0,6.0,87.0,1.71,-0.67,27.0,8.0,7.0,19.0,91.5
Stefan Ortega,30.0,de GER,GK,Manchester-City,0.0,0.0,0.0,0.0,0.0,0.0,0.0,635.0,9.0,7.1,0.0,0.0,0.0,0.0,0.0,0.0,0.0,0.0,0.0,0.0,80.1,2.56,1.56,0.0,0.0,0.0,2.0,1.0
Sven Botman,23.0,nl NED,DF,Newcastle-United,2.0,2.0,4.0,2.0,0.0,2.0,0.0,1377.0,17.0,15.3,0.0,35.0,5.0,0.6,0.6,10.0,2.0,1.0,0.0,5.0,90.6,1.35,0.52,20.0,9.0,16.0,61.0,117.5
Sydie Peck,18.0,eng ENG,MF,Sheffield-United,0.0,0.0,0.0,0.0,0.0,0.0,0.0,10.0,1.0,0.1,0.0,0.0,0.0,0.0,0.0,0.0,0.0,0.0,0.0,0.0,100.0,3.0,0.0,0.0,0.0,0.0,0.0,0.0
Tahith Chong,23.0,nl NED,"MF,FW",Luton-Town,4.0,0.0,4.0,4.0,0.0,4.0,0.0,1982.0,33.0,22.0,57.0,72.0,101.0,2.7,2.7,31.0,7.0,20.0,8.0,10.0,77.8,0.45,-1.14,36.0,8.0,6.0,11.0,122.5
Teden Mengi,21.0,eng ENG,DF,Luton-Town,1.0,0.0,1.0,1.0,0.0,3.0,0.0,2469.0,30.0,27.4,15.0,54.0,1.0,0.6,0.6,11.0,4.0,5.0,0.0,6.0,77.6,0.73,-0.8,54.0,57.0,27.0,140.0,302.5
Thiago Silva,38.0,br BRA,DF,Chelsea,3.0,1.0,4.0,3.0,0.0,4.0,0.0,2527.0,31.0,28.1,2.0,102.0,5.0,0.8,0.8,14.0,4.0,10.0,1.0,9.0,94.7,1.65,0.46,29.0,26.0,24.0,153.0,222.0
Thilo Kehrer,26.0,de GER,"DF,MF",West-Ham-United,0.0,0.0,0.0,0.0,0.0,2.0,0.0,22.0,4.0,0.2,0.0,1.0,1.0,0.0,0.0,0.0,0.0,0.0,0.0,0.0,100.0,1.75,-4.09,1.0,0.0,2.0,0.0,4.0
Thomas Kaminski,30.0,be BEL,GK,Luton-Town,0.0,0.0,0.0,0.0,0.0,3.0,0.0,3405.0,38.0,37.8,0.0,1.0,0.0,0.0,0.0,0.0,0.0,2.0,0.0,1.0,59.2,0.68,-0.87,2.0,0.0,0.0,14.0,12.5
Thomas Strakosha,28.0,al ALB,GK,Burnley,0.0,0.0,0.0,0.0,0.0,0.0,0.0,135.0,2.0,1.5,0.0,0.0,0.0,0.0,0.0,0.0,0.0,0.0,0.0,0.0,73.2,1.5,0.67,0.0,0.0,0.0,0.0,0.0
Tim Iroegbunam,20.0,eng ENG,MF,Aston-Villa,0.0,0.0,0.0,0.0,0.0,0.0,0.0,164.0,9.0,1.8,3.0,1.0,0.0,0.0,0.0,0.0,0.0,0.0,0.0,0.0,92.7,1.44,-2.74,7.0,2.0,0.0,3.0,18.5
Tom Davies,25.0,eng ENG,MF,Sheffield-United,0.0,0.0,0.0,0.0,0.0,2.0,0.0,221.0,9.0,2.5,3.0,8.0,3.0,0.4,0.4,4.0,1.0,1.0,0.0,1.0,68.7,0.44,-3.67,10.0,3.0,1.0,6.0,30.0
Tom Lockyer,28.0,wls WAL,DF,Luton-Town,1.0,1.0,2.0,1.0,0.0,4.0,0.0,1169.0,14.0,13.0,6.0,37.0,2.0,1.1,1.1,7.0,1.0,4.0,0.0,3.0,71.3,0.64,-0.85,25.0,23.0,13.0,68.0,141.0
Tomáš Souček,28.0,cz CZE,MF,West-Ham-United,7.0,2.0,9.0,7.0,0.0,7.0,0.0,2870.0,37.0,31.9,7.0,86.0,39.0,6.7,6.7,43.0,15.0,8.0,2.0,20.0,75.1,1.32,-0.41,53.0,37.0,28.0,109.0,299.0
Trevoh Chalobah,24.0,eng ENG,DF,Chelsea,1.0,0.0,1.0,1.0,0.0,1.0,0.0,952.0,13.0,10.6,5.0,31.0,9.0,0.2,0.2,2.0,2.0,2.0,0.0,2.0,89.4,2.15,1.61,16.0,8.0,7.0,51.0,82.5
Tyrone Mings,30.0,eng ENG,DF,Aston-Villa,0.0,0.0,0.0,0.0,0.0,0.0,0.0,30.0,1.0,0.3,0.0,0.0,0.0,0.0,0.0,1.0,0.0,0.0,0.0,1.0,100.0,0.0,-3.0,0.0,1.0,0.0,1.0,3.5
Valentino Livramento,20.0,eng ENG,DF,Newcastle-United,1.0,0.0,1.0,1.0,0.0,1.0,0.0,1314.0,26.0,14.6,44.0,61.0,76.0,0.4,0.4,4.0,2.0,16.0,3.0,12.0,85.9,1.73,0.27,23.0,25.0,7.0,41.0,132.0
Victor Lindelöf,29.0,se SWE,DF,Manchester-United,1.0,1.0,2.0,1.0,0.0,2.0,0.0,1328.0,19.0,14.8,17.0,40.0,17.0,0.8,0.8,6.0,4.0,3.0,0.0,8.0,89.1,1.95,0.14,15.0,12.0,9.0,40.0,94.0
Vinicius Souza,24.0,br BRA,MF,Sheffield-United,1.0,0.0,1.0,1.0,0.0,3.0,0.0,2668.0,36.0,29.6,7.0,66.0,21.0,0.6,0.6,14.0,6.0,5.0,1.0,4.0,79.5,0.44,-1.79,125.0,32.0,17.0,75.0,361.5
Vladimír Coufal,30.0,cz CZE,DF,West-Ham-United,0.0,7.0,7.0,0.0,0.0,7.0,1.0,3132.0,36.0,34.8,68.0,119.0,126.0,0.3,0.3,8.0,2.0,38.0,21.0,33.0,69.3,1.39,-0.34,64.0,43.0,15.0,97.0,319.5
Wes Foderingham,32.0,eng ENG,GK,Sheffield-United,0.0,0.0,0.0,0.0,0.0,2.0,0.0,2649.0,30.0,29.4,0.0,0.0,0.0,0.0,0.0,0.0,0.0,2.0,0.0,1.0,56.5,0.43,-1.87,5.0,0.0,0.0,18.0,20.5
Wilfried Gnonto,19.0,it ITA,"FW,MF",Nott'ham-Forest,8.0,2.0,10.0,8.0,0.0,4.0,0.0,1653.0,36.0,18.4,88.0,78.0,208.0,5.3,5.3,47.0,16.0,35.0,8.0,22.0,78.1,1.9,0.44,33.0,4.0,1.0,21.0,144.5
William Osula,19.0,dk DEN,FW,Sheffield-United,0.0,0.0,0.0,0.0,0.0,4.0,0.0,786.0,21.0,8.7,7.0,2.0,41.0,1.6,1.6,21.0,8.0,2.0,1.0,1.0,52.7,0.29,-2.18,2.0,2.0,1.0,9.0,14.0
Willy Kambwala,18.0,fr FRA,DF,Manchester-United,0.0,0.0,0.0,0.0,0.0,1.0,0.0,330.0,8.0,3.7,2.0,8.0,1.0,0.0,0.0,0.0,0.0,0.0,0.0,0.0,84.9,1.0,-1.36,3.0,4.0,3.0,14.0,22.0
Yasser Larouci,22.0,dz ALG,DF,Sheffield-United,0.0,0.0,0.0,0.0,0.0,1.0,0.0,531.0,11.0,5.9,18.0,14.0,12.0,0.2,0.2,6.0,1.0,0.0,0.0,2.0,70.8,0.18,-1.02,17.0,7.0,1.0,20.0,58.5
Youri Tielemans,26.0,be BEL,"MF,FW",Aston-Villa,2.0,6.0,8.0,2.0,0.0,3.0,0.0,1622.0,32.0,18.0,23.0,128.0,46.0,1.3,1.3,14.0,5.0,25.0,1.0,18.0,83.1,1.91,0.72,41.0,15.0,3.0,9.0,157.0
Zack Nelson,18.0,eng ENG,"MF,DF",Luton-Town,0.0,0.0,0.0,0.0,0.0,0.0,0.0,7.0,2.0,0.1,0.0,0.0,0.0,0.0,0.0,0.0,0.0,0.0,0.0,0.0,100.0,0.5,0.0,1.0,0.0,0.0,0.0,2.0
Álex Moreno,30.0,es ESP,DF,Aston-Villa,2.0,0.0,2.0,2.0,0.0,2.0,0.0,1031.0,21.0,11.5,32.0,24.0,83.0,1.1,1.1,8.0,4.0,13.0,2.0,11.0,79.0,1.67,0.35,18.0,13.0,2.0,37.0,98.5
Đorđe Petrović,23.0,rs SRB,GK,Chelsea,0.0,0.0,0.0,0.0,0.0,2.0,0.0,1987.0,23.0,22.1,0.0,1.0,0.0,0.0,0.0,0.0,0.0,0.0,0.0,0.0,78.8,1.91,0.59,0.0,0.0,0.0,12.0,6.0
Łukasz Fabiański,38.0,pl POL,GK,West-Ham-United,0.0,0.0,0.0,0.0,0.0,0.0,0.0,721.0,10.0,8.0,0.0,1.0,0.0,0.0,0.0,0.0,0.0,0.0,0.0,0.0,66.9,1.1,-1.25,1.0,1.0,0.0,4.0,5.5
